[{"model": "containers.image", "pk": 1, "fields": {"image_name": "Minecraft", "image": "cmunroe/spigot", "tag": "latest", "exposed_ports": "{}", "environment": "{\"EULA\": true}", "duration": 1800, "interactive_flag": true, "tty_flag": true, "rm_flag": false, "exploit_type": 6, "pre_lesson": null}}, {"model": "containers.image", "pk": 2, "fields": {"image_name": "Traefik", "image": "traefik", "tag": "latest", "exposed_ports": "{}", "environment": "{}", "duration": 1800, "interactive_flag": false, "tty_flag": false, "rm_flag": false, "exploit_type": 5, "pre_lesson": 3}}, {"model": "containers.container", "pk": 14, "fields": {"owner_id": 1, "container_image": 1, "container_id": null, "start_time": "2022-03-08T22:10:59.560Z"}}, {"model": "containers.completedimage", "pk": 1, "fields": {"user": 1, "image": 2, "completed": true}}, {"model": "learn.exploittype", "pk": 1, "fields": {"title": "SQLi - SQL Injection", "slug": "sql-injection"}}, {"model": "learn.exploittype", "pk": 2, "fields": {"title": "XSS - Cross Site Scripting", "slug": "xss"}}, {"model": "learn.exploittype", "pk": 3, "fields": {"title": "SSTI - Server Side Template Injection", "slug": "ssti"}}, {"model": "learn.exploittype", "pk": 4, "fields": {"title": "LFI - Local File Inclusion", "slug": "lfi"}}, {"model": "learn.exploittype", "pk": 5, "fields": {"title": "DoS - Denial of Service", "slug": "dos"}}, {"model": "learn.exploittype", "pk": 6, "fields": {"title": "RCE - Remote Code Execution", "slug": "rce"}}, {"model": "learn.lesson", "pk": 1, "fields": {"title": "What is SQL Injection?", "slug": "what-is-SQL-injection", "exploit_type": 1, "owner": 1, "overview": "Overview for the lesson What is SQL Injection?", "created": "2022-03-07T18:03:12.679Z", "difficulty": "1"}}, {"model": "learn.lesson", "pk": 2, "fields": {"title": "Introduction to SQL Injection", "slug": "introduction-to-SQL-injection", "exploit_type": 1, "owner": 1, "overview": "Overview of the lesson Introduction to SQL Injection", "created": "2022-03-07T18:03:52.983Z", "difficulty": "2"}}, {"model": "learn.lesson", "pk": 3, "fields": {"title": "What is a Denial of Service?", "slug": "what-is-dos", "exploit_type": 5, "owner": 1, "overview": "Learn what a denial of service attack is, how it can affect infrastructure and why they should be prevented", "created": "2022-03-08T13:29:18.139Z", "difficulty": "1"}}, {"model": "learn.lesson", "pk": 4, "fields": {"title": "Overview of Denial of Service attacks", "slug": "overview-of-dos", "exploit_type": 5, "owner": 1, "overview": "An overview of different Denial of Service attacks", "created": "2022-03-08T13:32:20.578Z", "difficulty": "2"}}, {"model": "learn.lesson", "pk": 5, "fields": {"title": "DoS Deep Dive 1", "slug": "dos-deep-dive-1", "exploit_type": 5, "owner": 1, "overview": "A deep dive into the <name> Denial of Service exploit", "created": "2022-03-08T13:33:39.173Z", "difficulty": "3"}}, {"model": "learn.lesson", "pk": 6, "fields": {"title": "DoS Deep Dive 2", "slug": "dos-deep-dive-2", "exploit_type": 5, "owner": 1, "overview": "A deep dive into the <name> Denial of Service exploit", "created": "2022-03-08T13:34:15.209Z", "difficulty": "3"}}, {"model": "learn.lesson", "pk": 7, "fields": {"title": "DoS Deep Dive 3", "slug": "dos-deep-dive-3", "exploit_type": 5, "owner": 1, "overview": "A deep dive into the <name> Denial of Service exploit", "created": "2022-03-08T13:34:37.555Z", "difficulty": "4"}}, {"model": "learn.lesson", "pk": 8, "fields": {"title": "What is a Local File Inclusion?", "slug": "what-is-lfi", "exploit_type": 4, "owner": 1, "overview": "Learn what a Local File Inclusion is and how it can affect your websites", "created": "2022-03-08T14:26:07.769Z", "difficulty": "1"}}, {"model": "learn.lesson", "pk": 9, "fields": {"title": "Overview of Local File Inclusions", "slug": "overview-of-lfi", "exploit_type": 4, "owner": 1, "overview": "An overview of the different Local File Inclusion attacks that can take place, a brief look into how they can be weaponised and why you should protect against them.", "created": "2022-03-08T14:27:25.079Z", "difficulty": "2"}}, {"model": "learn.lesson", "pk": 10, "fields": {"title": "LFI Deep Dive 1", "slug": "lfi-deep-dive-1", "exploit_type": 4, "owner": 1, "overview": "A deep dive into the <name> LFI vulnerability and how it was exploited", "created": "2022-03-08T14:28:57.791Z", "difficulty": "2"}}, {"model": "learn.lesson", "pk": 11, "fields": {"title": "LFI Deep Dive 2", "slug": "lfi-deep-dive-2", "exploit_type": 4, "owner": 1, "overview": "A deep dive into the <name> LFI vulnerability and how it was exploited", "created": "2022-03-08T14:29:12.091Z", "difficulty": "3"}}, {"model": "learn.lesson", "pk": 12, "fields": {"title": "LFI Deep Dive 3", "slug": "lfi-deep-dive-3", "exploit_type": 4, "owner": 1, "overview": "A deep dive into the <name> LFI vulnerability and how it was exploited", "created": "2022-03-08T14:29:28.782Z", "difficulty": "4"}}, {"model": "learn.content", "pk": 1, "fields": {"lesson": 1, "content_type": 11, "object_id": 1, "order_number": 1}}, {"model": "learn.content", "pk": 2, "fields": {"lesson": 1, "content_type": 11, "object_id": 2, "order_number": 2}}, {"model": "learn.content", "pk": 3, "fields": {"lesson": 1, "content_type": 11, "object_id": 3, "order_number": 3}}, {"model": "learn.content", "pk": 4, "fields": {"lesson": 1, "content_type": 11, "object_id": 4, "order_number": 4}}, {"model": "learn.content", "pk": 7, "fields": {"lesson": 1, "content_type": 13, "object_id": 3, "order_number": 5}}, {"model": "learn.content", "pk": 8, "fields": {"lesson": 1, "content_type": 13, "object_id": 4, "order_number": 6}}, {"model": "learn.content", "pk": 9, "fields": {"lesson": 1, "content_type": 10, "object_id": 1, "order_number": 7}}, {"model": "learn.content", "pk": 11, "fields": {"lesson": 1, "content_type": 14, "object_id": 2, "order_number": 9}}, {"model": "learn.content", "pk": 12, "fields": {"lesson": 1, "content_type": 11, "object_id": 5, "order_number": 8}}, {"model": "learn.text", "pk": 1, "fields": {"owner": 1, "title": "So what is SQL Injection?", "created": "2022-03-08T00:11:12.068Z", "updated": "2022-03-08T00:11:12.068Z", "text_content": "Lorem ipsum dolor sit amet, consectetur adipiscing elit, sed do eiusmod tempor incididunt ut labore et dolore magna aliqua. Ut enim ad minim veniam, quis nostrud exercitation ullamco laboris nisi ut aliquip ex ea commodo consequat. Duis aute irure dolor in reprehenderit in voluptate velit esse cillum dolore eu fugiat nulla pariatur. Excepteur sint occaecat cupidatat non proident, sunt in culpa qui officia deserunt mollit anim id est laborum."}}, {"model": "learn.text", "pk": 2, "fields": {"owner": 1, "title": "Heading 2", "created": "2022-03-08T10:46:31.088Z", "updated": "2022-03-08T10:49:38.894Z", "text_content": "Lorem ipsum dolor sit amet, consectetur adipiscing elit, sed do eiusmod tempor incididunt ut labore et dolore magna aliqua. Ut enim ad minim veniam, quis nostrud exercitation ullamco laboris nisi ut aliquip ex ea commodo consequat. Duis aute irure dolor in reprehenderit in voluptate velit esse cillum dolore eu fugiat nulla pariatur. Excepteur sint occaecat cupidatat non proident, sunt in culpa qui officia deserunt mollit anim id est laborum."}}, {"model": "learn.text", "pk": 3, "fields": {"owner": 1, "title": "Heading 3", "created": "2022-03-08T10:46:37.677Z", "updated": "2022-03-08T10:46:37.677Z", "text_content": "Lorem ipsum dolor sit amet, consectetur adipiscing elit, sed do eiusmod tempor incididunt ut labore et dolore magna aliqua. Ut enim ad minim veniam, quis nostrud exercitation ullamco laboris nisi ut aliquip ex ea commodo consequat. Duis aute irure dolor in reprehenderit in voluptate velit esse cillum dolore eu fugiat nulla pariatur. Excepteur sint occaecat cupidatat non proident, sunt in culpa qui officia deserunt mollit anim id est laborum."}}, {"model": "learn.text", "pk": 4, "fields": {"owner": 1, "title": "Heading 4", "created": "2022-03-08T10:46:45.608Z", "updated": "2022-03-08T10:46:45.608Z", "text_content": "Lorem ipsum dolor sit amet, consectetur adipiscing elit, sed do eiusmod tempor incididunt ut labore et dolore magna aliqua. Ut enim ad minim veniam, quis nostrud exercitation ullamco laboris nisi ut aliquip ex ea commodo consequat. Duis aute irure dolor in reprehenderit in voluptate velit esse cillum dolore eu fugiat nulla pariatur. Excepteur sint occaecat cupidatat non proident, sunt in culpa qui officia deserunt mollit anim id est laborum."}}, {"model": "learn.text", "pk": 5, "fields": {"owner": 1, "title": "Heading 5", "created": "2022-03-08T13:26:53.497Z", "updated": "2022-03-08T13:26:53.497Z", "text_content": "Lorem ipsum dolor sit amet, consectetur adipiscing elit, sed do eiusmod tempor incididunt ut labore et dolore magna aliqua. Ut enim ad minim veniam, quis nostrud exercitation ullamco laboris nisi ut aliquip ex ea commodo consequat. Duis aute irure dolor in reprehenderit in voluptate velit esse cillum dolore eu fugiat nulla pariatur. Excepteur sint occaecat cupidatat non proident, sunt in culpa qui officia deserunt mollit anim id est laborum."}}, {"model": "learn.file", "pk": 2, "fields": {"owner": 1, "title": "Introduction to Linux", "created": "2022-03-08T13:06:49.419Z", "updated": "2022-03-08T13:06:49.419Z", "file_content": "apps/static/files/lessons/Readme.md"}}, {"model": "learn.image", "pk": 3, "fields": {"owner": 1, "title": "Placeholder image 1", "created": "2022-03-08T11:16:17.824Z", "updated": "2022-03-08T11:16:17.824Z", "image_content": "apps/static/images/lessons/350x150_AfZqMQL.png"}}, {"model": "learn.image", "pk": 4, "fields": {"owner": 1, "title": "Placeholder image 2", "created": "2022-03-08T11:16:25.302Z", "updated": "2022-03-08T11:16:25.302Z", "image_content": "apps/static/images/lessons/200x100_gBpDA8J.png"}}, {"model": "learn.video", "pk": 1, "fields": {"owner": 1, "title": "MD5 length extension and Blind SQL Injection - BruCON CTF part 3", "created": "2022-03-08T12:16:12.075Z", "updated": "2022-03-08T12:16:12.075Z", "video_content": "https://youtu.be/sMla6_4Z-CQ"}}, {"model": "auth.permission", "pk": 1, "fields": {"name": "Can add log entry", "content_type": 1, "codename": "add_logentry"}}, {"model": "auth.permission", "pk": 2, "fields": {"name": "Can change log entry", "content_type": 1, "codename": "change_logentry"}}, {"model": "auth.permission", "pk": 3, "fields": {"name": "Can delete log entry", "content_type": 1, "codename": "delete_logentry"}}, {"model": "auth.permission", "pk": 4, "fields": {"name": "Can view log entry", "content_type": 1, "codename": "view_logentry"}}, {"model": "auth.permission", "pk": 5, "fields": {"name": "Can add permission", "content_type": 2, "codename": "add_permission"}}, {"model": "auth.permission", "pk": 6, "fields": {"name": "Can change permission", "content_type": 2, "codename": "change_permission"}}, {"model": "auth.permission", "pk": 7, "fields": {"name": "Can delete permission", "content_type": 2, "codename": "delete_permission"}}, {"model": "auth.permission", "pk": 8, "fields": {"name": "Can view permission", "content_type": 2, "codename": "view_permission"}}, {"model": "auth.permission", "pk": 9, "fields": {"name": "Can add group", "content_type": 3, "codename": "add_group"}}, {"model": "auth.permission", "pk": 10, "fields": {"name": "Can change group", "content_type": 3, "codename": "change_group"}}, {"model": "auth.permission", "pk": 11, "fields": {"name": "Can delete group", "content_type": 3, "codename": "delete_group"}}, {"model": "auth.permission", "pk": 12, "fields": {"name": "Can view group", "content_type": 3, "codename": "view_group"}}, {"model": "auth.permission", "pk": 13, "fields": {"name": "Can add user", "content_type": 4, "codename": "add_user"}}, {"model": "auth.permission", "pk": 14, "fields": {"name": "Can change user", "content_type": 4, "codename": "change_user"}}, {"model": "auth.permission", "pk": 15, "fields": {"name": "Can delete user", "content_type": 4, "codename": "delete_user"}}, {"model": "auth.permission", "pk": 16, "fields": {"name": "Can view user", "content_type": 4, "codename": "view_user"}}, {"model": "auth.permission", "pk": 17, "fields": {"name": "Can add content type", "content_type": 5, "codename": "add_contenttype"}}, {"model": "auth.permission", "pk": 18, "fields": {"name": "Can change content type", "content_type": 5, "codename": "change_contenttype"}}, {"model": "auth.permission", "pk": 19, "fields": {"name": "Can delete content type", "content_type": 5, "codename": "delete_contenttype"}}, {"model": "auth.permission", "pk": 20, "fields": {"name": "Can view content type", "content_type": 5, "codename": "view_contenttype"}}, {"model": "auth.permission", "pk": 21, "fields": {"name": "Can add session", "content_type": 6, "codename": "add_session"}}, {"model": "auth.permission", "pk": 22, "fields": {"name": "Can change session", "content_type": 6, "codename": "change_session"}}, {"model": "auth.permission", "pk": 23, "fields": {"name": "Can delete session", "content_type": 6, "codename": "delete_session"}}, {"model": "auth.permission", "pk": 24, "fields": {"name": "Can view session", "content_type": 6, "codename": "view_session"}}, {"model": "auth.permission", "pk": 25, "fields": {"name": "Can add container", "content_type": 7, "codename": "add_container"}}, {"model": "auth.permission", "pk": 26, "fields": {"name": "Can change container", "content_type": 7, "codename": "change_container"}}, {"model": "auth.permission", "pk": 27, "fields": {"name": "Can delete container", "content_type": 7, "codename": "delete_container"}}, {"model": "auth.permission", "pk": 28, "fields": {"name": "Can view container", "content_type": 7, "codename": "view_container"}}, {"model": "auth.permission", "pk": 29, "fields": {"name": "Can add image", "content_type": 8, "codename": "add_image"}}, {"model": "auth.permission", "pk": 30, "fields": {"name": "Can change image", "content_type": 8, "codename": "change_image"}}, {"model": "auth.permission", "pk": 31, "fields": {"name": "Can delete image", "content_type": 8, "codename": "delete_image"}}, {"model": "auth.permission", "pk": 32, "fields": {"name": "Can view image", "content_type": 8, "codename": "view_image"}}, {"model": "auth.permission", "pk": 33, "fields": {"name": "Can add exploit type", "content_type": 9, "codename": "add_exploittype"}}, {"model": "auth.permission", "pk": 34, "fields": {"name": "Can change exploit type", "content_type": 9, "codename": "change_exploittype"}}, {"model": "auth.permission", "pk": 35, "fields": {"name": "Can delete exploit type", "content_type": 9, "codename": "delete_exploittype"}}, {"model": "auth.permission", "pk": 36, "fields": {"name": "Can view exploit type", "content_type": 9, "codename": "view_exploittype"}}, {"model": "auth.permission", "pk": 37, "fields": {"name": "Can add video", "content_type": 10, "codename": "add_video"}}, {"model": "auth.permission", "pk": 38, "fields": {"name": "Can change video", "content_type": 10, "codename": "change_video"}}, {"model": "auth.permission", "pk": 39, "fields": {"name": "Can delete video", "content_type": 10, "codename": "delete_video"}}, {"model": "auth.permission", "pk": 40, "fields": {"name": "Can view video", "content_type": 10, "codename": "view_video"}}, {"model": "auth.permission", "pk": 41, "fields": {"name": "Can add text", "content_type": 11, "codename": "add_text"}}, {"model": "auth.permission", "pk": 42, "fields": {"name": "Can change text", "content_type": 11, "codename": "change_text"}}, {"model": "auth.permission", "pk": 43, "fields": {"name": "Can delete text", "content_type": 11, "codename": "delete_text"}}, {"model": "auth.permission", "pk": 44, "fields": {"name": "Can view text", "content_type": 11, "codename": "view_text"}}, {"model": "auth.permission", "pk": 45, "fields": {"name": "Can add lesson", "content_type": 12, "codename": "add_lesson"}}, {"model": "auth.permission", "pk": 46, "fields": {"name": "Can change lesson", "content_type": 12, "codename": "change_lesson"}}, {"model": "auth.permission", "pk": 47, "fields": {"name": "Can delete lesson", "content_type": 12, "codename": "delete_lesson"}}, {"model": "auth.permission", "pk": 48, "fields": {"name": "Can view lesson", "content_type": 12, "codename": "view_lesson"}}, {"model": "auth.permission", "pk": 49, "fields": {"name": "Can add image", "content_type": 13, "codename": "add_image"}}, {"model": "auth.permission", "pk": 50, "fields": {"name": "Can change image", "content_type": 13, "codename": "change_image"}}, {"model": "auth.permission", "pk": 51, "fields": {"name": "Can delete image", "content_type": 13, "codename": "delete_image"}}, {"model": "auth.permission", "pk": 52, "fields": {"name": "Can view image", "content_type": 13, "codename": "view_image"}}, {"model": "auth.permission", "pk": 53, "fields": {"name": "Can add file", "content_type": 14, "codename": "add_file"}}, {"model": "auth.permission", "pk": 54, "fields": {"name": "Can change file", "content_type": 14, "codename": "change_file"}}, {"model": "auth.permission", "pk": 55, "fields": {"name": "Can delete file", "content_type": 14, "codename": "delete_file"}}, {"model": "auth.permission", "pk": 56, "fields": {"name": "Can view file", "content_type": 14, "codename": "view_file"}}, {"model": "auth.permission", "pk": 57, "fields": {"name": "Can add content", "content_type": 15, "codename": "add_content"}}, {"model": "auth.permission", "pk": 58, "fields": {"name": "Can change content", "content_type": 15, "codename": "change_content"}}, {"model": "auth.permission", "pk": 59, "fields": {"name": "Can delete content", "content_type": 15, "codename": "delete_content"}}, {"model": "auth.permission", "pk": 60, "fields": {"name": "Can view content", "content_type": 15, "codename": "view_content"}}, {"model": "auth.permission", "pk": 61, "fields": {"name": "Can add completed images", "content_type": 16, "codename": "add_completedimages"}}, {"model": "auth.permission", "pk": 62, "fields": {"name": "Can change completed images", "content_type": 16, "codename": "change_completedimages"}}, {"model": "auth.permission", "pk": 63, "fields": {"name": "Can delete completed images", "content_type": 16, "codename": "delete_completedimages"}}, {"model": "auth.permission", "pk": 64, "fields": {"name": "Can view completed images", "content_type": 16, "codename": "view_completedimages"}}, {"model": "auth.permission", "pk": 65, "fields": {"name": "Can add completed image", "content_type": 16, "codename": "add_completedimage"}}, {"model": "auth.permission", "pk": 66, "fields": {"name": "Can change completed image", "content_type": 16, "codename": "change_completedimage"}}, {"model": "auth.permission", "pk": 67, "fields": {"name": "Can delete completed image", "content_type": 16, "codename": "delete_completedimage"}}, {"model": "auth.permission", "pk": 68, "fields": {"name": "Can view completed image", "content_type": 16, "codename": "view_completedimage"}}, {"model": "auth.user", "pk": 1, "fields": {"password": "pbkdf2_sha256$260000$Of3cX5Y2MZWHpsnrlctpPS$lIb9XshHJCUvhoVuLhLFiOfYNj8tKtbGC1g1tc1dVyo=", "last_login": "2022-03-05T16:34:41.843Z", "is_superuser": true, "username": "mole", "first_name": "Nick", "last_name": "Ruffles", "email": "nicholas.ruffles@protonmail.com", "is_staff": true, "is_active": true, "date_joined": "2022-02-18T14:21:37.811Z", "groups": [], "user_permissions": []}}]